场景ID,一级场景,二级主题,三级叶节点,完整路径,叶节点定义,是否需要知识库,时机,,,,,,,,,,,,
S001,升学,高考与志愿,高考备考,升学 > 高考与志愿 > 高考备考,高中课程复习、提分和冲刺,1,二阶段,,,,,,,,,,,,
S002,升学,高考与志愿,选科,升学 > 高考与志愿 > 选科,新高考科目组合选择,1,二阶段,,,,,,,,,,,,
S003,升学,高考与志愿,成绩定位,升学 > 高考与志愿 > 成绩定位,根据分数、位次判断可选范围,1,二阶段,,,,,,,,,,,,
S004,升学,高考与志愿,院校选择,升学 > 高考与志愿 > 院校选择,高考阶段选择目标院校,1,二阶段,,,,,,,,,,,,
S005,升学,高考与志愿,专业选择,升学 > 高考与志愿 > 专业选择,高考阶段选择本科或专科专业,1,二阶段,,,,,,,,,,,,
S006,升学,高考与志愿,城市选择,升学 > 高考与志愿 > 城市选择,高考阶段选择就读城市或地域,1,二阶段,,,,,,,,,,,,
S007,升学,高考与志愿,志愿填报,升学 > 高考与志愿 > 志愿填报,志愿排序、冲稳保和填报操作,1,二阶段,,,,,,,,,,,,
S008,升学,高考与志愿,录取结果,升学 > 高考与志愿 > 录取结果,录取、退档、滑档和征集志愿,1,二阶段,,,,,,,,,,,,
S009,升学,高考与志愿,复读,升学 > 高考与志愿 > 复读,是否复读及复读准备,1,二阶段,,,,,,,,,,,,
S010,升学,专升本,是否升本,升学 > 专升本 > 是否升本,专科生判断是否参加专升本,1,,,,,,,,,,,,,
S011,升学,专升本,报考资格,升学 > 专升本 > 报考资格,专升本报名条件和资格限制,1,,,,,,,,,,,,,
S012,升学,专升本,院校选择,升学 > 专升本 > 院校选择,专升本目标院校选择,1,,,,,,,,,,,,,
S013,升学,专升本,专业选择,升学 > 专升本 > 专业选择,专升本专业及跨专业选择,1,,,,,,,,,,,,,
S014,升学,专升本,备考,升学 > 专升本 > 备考,专升本复习计划和方法,1,,,,,,,,,,,,,
S015,升学,专升本,报名考试,升学 > 专升本 > 报名考试,报名、考试安排和流程,1,,,,,,,,,,,,,
S016,升学,专升本,录取选择,升学 > 专升本 > 录取选择,公办、民办及录取结果选择,1,,,,,,,,,,,,,
S017,升学,考研,是否考研,升学 > 考研 > 是否考研,考研与就业、考公等路径选择,1,,,,,,,,,,,,,
S018,升学,考研,院校选择,升学 > 考研 > 院校选择,考研目标院校定位和比较,1,,,,,,,,,,,,,
S019,升学,考研,专业选择,升学 > 考研 > 专业选择,考研目标专业定位和比较,1,,,,,,,,,,,,,
S020,升学,考研,跨专业考研,升学 > 考研 > 跨专业考研,跨专业可行性与准备,1,,,,,,,,,,,,,
S021,升学,考研,备考规划,升学 > 考研 > 备考规划,考研整体时间线和阶段计划,1,,,,,,,,,,,,,
S022,升学,考研,公共课备考,升学 > 考研 > 公共课备考,政治、英语、数学等公共课,1,,,,,,,,,,,,,
S023,升学,考研,专业课备考,升学 > 考研 > 专业课备考,专业课资料、复习和真题,1,,,,,,,,,,,,,
S024,升学,考研,报名,升学 > 考研 > 报名,预报名、正式报名和报考点,1,,,,,,,,,,,,,
S025,升学,考研,初试,升学 > 考研 > 初试,初试准备、考试和成绩,1,,,,,,,,,,,,,
S026,升学,考研,复试,升学 > 考研 > 复试,复试材料、专业面试和英语面试,1,,,,,,,,,,,,,
S027,升学,考研,调剂,升学 > 考研 > 调剂,调剂信息、系统和院校选择,1,,,,,,,,,,,,,
S029,升学,考研,二战/多战,升学 > 考研 > 二战/多战,再次考研的成本、策略和状态,1,,,,,,,,,,,,,
S030,升学,考研,在职考研,升学 > 考研 > 在职考研,工作期间备考和非全选择,1,,,,,,,,,,,,,
S031,升学,保研,资格评估,升学 > 保研 > 资格评估,保研资格和成功可能性评估,1,,,,,,,,,,,,,
S032,升学,保研,绩点排名,升学 > 保研 > 绩点排名,保研所需绩点、排名和加分,1,,,,,,,,,,,,,
S033,升学,保研,科研竞赛,升学 > 保研 > 科研竞赛,科研、竞赛和论文背景提升,1,,,,,,,,,,,,,
S034,升学,保研,夏令营,升学 > 保研 > 夏令营,夏令营申请、入营和考核,1,,,,,,,,,,,,,
S035,升学,保研,预推免,升学 > 保研 > 预推免,预推免申请和考核,1,,,,,,,,,,,,,
S036,升学,保研,九推,升学 > 保研 > 九推,九推信息、报名和捡漏,1,,,,,,,,,,,,,
S037,升学,保研,文书材料,升学 > 保研 > 文书材料,个人陈述、推荐信和申请表,1,,,,,,,,,,,,,
S038,升学,保研,联系导师,升学 > 保研 > 联系导师,套磁、导师选择和沟通,,,,,,,,,,,,,,
S039,升学,保研,笔试面试,升学 > 保研 > 笔试面试,保研笔试、面试和考核,1,,,,,,,,,,,,,
S040,升学,保研,offer选择,升学 > 保研 > offer选择,多个保研录取机会比较,1,,,,,,,,,,,,,
S041,升学,保研,保研失败转向,升学 > 保研 > 保研失败转向,保研失败后转考研、留学或就业,1,,,,,,,,,,,,,
S042,升学,留学,是否留学,升学 > 留学 > 是否留学,留学与国内升学、就业路径比较,1,,,,,,,,,,,,,
S043,升学,留学,国家/地区选择,升学 > 留学 > 国家/地区选择,目标留学国家或地区比较,1,,,,,,,,,,,,,
S044,升学,留学,院校选择,升学 > 留学 > 院校选择,目标海外院校定位和比较,1,,,,,,,,,,,,,
S045,升学,留学,专业选择,升学 > 留学 > 专业选择,留学专业选择和跨申,1,,,,,,,,,,,,,
S046,升学,留学,背景提升,升学 > 留学 > 背景提升,科研、实习、竞赛等申请背景,1,,,,,,,,,,,,,
S047,升学,留学,语言考试,升学 > 留学 > 语言考试,雅思、托福、德语等语言考试,1,,,,,,,,,,,,,
S048,升学,留学,标化考试,升学 > 留学 > 标化考试,GRE、GMAT、SAT等标化考试,1,,,,,,,,,,,,,
S049,升学,留学,文书,升学 > 留学 > 文书,个人陈述、简历和补充文书,1,,,,,,,,,,,,,
S050,升学,留学,推荐信,升学 > 留学 > 推荐信,推荐人选择、内容和提交,1,,,,,,,,,,,,,
S051,升学,留学,网申,升学 > 留学 > 网申,网申系统、材料上传和截止时间,1,,,,,,,,,,,,,
S052,升学,留学,面试,升学 > 留学 > 面试,留学申请面试准备,1,,,,,,,,,,,,,
S053,升学,留学,offer选择,升学 > 留学 > offer选择,多个留学录取机会比较,1,,,,,,,,,,,,,
S054,升学,留学,签证,升学 > 留学 > 签证,签证材料、流程和拒签处理,1,,,,,,,,,,,,,
S055,升学,留学,费用与预算,升学 > 留学 > 费用与预算,学费、生活费、奖学金和预算,1,,,,,,,,,,,,,
S056,升学,留学,行前准备,升学 > 留学 > 行前准备,住宿、保险、交通和材料准备,1,,,,,,,,,,,,,
S057,升学,留学,海外学习适应,升学 > 留学 > 海外学习适应,海外课程、生活和文化适应,1,,,,,,,,,,,,,
S058,在校学业,课程学习,作业,在校学业 > 课程学习 > 作业,课程作业理解与完成,,,,,,,,,,,,,,
S059,在校学业,课程学习,选课,在校学业 > 课程学习 > 选课,课程选择、退补选和培养方案,,,,,,,,,,,,,,
S060,在校学业,课程学习,课程理解,在校学业 > 课程学习 > 课程理解,知识点理解和课程答疑,,,,,,,,,,,,,,
S061,在校学业,课程学习,刷题答疑,在校学业 > 课程学习 > 刷题答疑,题目练习、解析和错因定位,,,,,,,,,,,,,,
S062,在校学业,课程学习,课程考试,在校学业 > 课程学习 > 课程考试,期中、期末等课程考试,,,,,,,,,,,,,,
S063,在校学业,成绩绩点,成绩查询,在校学业 > 成绩绩点 > 成绩查询,成绩发布时间、查询和构成,,,,,,,,,,,,,,
S064,在校学业,成绩绩点,绩点计算,在校学业 > 成绩绩点 > 绩点计算,GPA、均分和学分绩计算,,,,,,,,,,,,,,
S065,在校学业,成绩绩点,绩点提升,在校学业 > 成绩绩点 > 绩点提升,提高绩点和课程成绩,,,,,,,,,,,,,,
S066,在校学业,成绩绩点,排名,在校学业 > 成绩绩点 > 排名,专业排名、综合测评和位次,,,,,,,,,,,,,,
S067,在校学业,成绩绩点,奖学金,在校学业 > 成绩绩点 > 奖学金,奖学金资格、评定和申请,,,,,,,,,,,,,,
S068,在校学业,学业异常,挂科,在校学业 > 学业异常 > 挂科,课程未通过及其影响,,,,,,,,,,,,,,
S069,在校学业,学业异常,补考,在校学业 > 学业异常 > 补考,补考资格、准备、成绩和影响,,,,,,,,,,,,,,
S070,在校学业,学业异常,重修,在校学业 > 学业异常 > 重修,重修选择、成绩和影响,,,,,,,,,,,,,,
S071,在校学业,学业异常,清考,在校学业 > 学业异常 > 清考,毕业前清考政策和准备,,,,,,,,,,,,,,
S072,在校学业,学业异常,成绩申诉,在校学业 > 学业异常 > 成绩申诉,成绩复核和校内申诉,,,,,,,,,,,,,,
S073,在校学业,学业异常,学术不端申诉,在校学业 > 学业异常 > 学术不端申诉,学术诚信调查与正规申诉,,,,,,,,,,,,,,
S075,在校学业,专业发展,转专业,在校学业 > 专业发展 > 转专业,转专业资格、选择和流程,,,,,,,,,,,,,,
S076,在校学业,专业发展,辅修/双学位,在校学业 > 专业发展 > 辅修/双学位,辅修、双专业和双学位选择,,,,,,,,,,,,,,
S077,在校学业,论文毕设,选题,在校学业 > 论文毕设 > 选题,论文或毕业设计选题,,,,,,,,,,,,,,
S078,在校学业,论文毕设,开题,在校学业 > 论文毕设 > 开题,开题报告和开题答辩,,,,,,,,,,,,,,
S079,在校学业,论文毕设,研究设计,在校学业 > 论文毕设 > 研究设计,研究问题、方法和框架设计,,,,,,,,,,,,,,
S080,在校学业,论文毕设,数据收集,在校学业 > 论文毕设 > 数据收集,问卷、访谈、实验和样本收集,,,,,,,,,,,,,,
S081,在校学业,论文毕设,数据分析,在校学业 > 论文毕设 > 数据分析,统计、建模和结果解释,,,,,,,,,,,,,,
S082,在校学业,论文毕设,论文写作,在校学业 > 论文毕设 > 论文写作,论文结构、表达和规范,,,,,,,,,,,,,,
S083,在校学业,论文毕设,导师修改,在校学业 > 论文毕设 > 导师修改,导师打回后的理解和修改,,,,,,,,,,,,,,
S084,在校学业,论文毕设,投稿,在校学业 > 论文毕设 > 投稿,期刊选择、投稿和格式,,,,,,,,,,,,,,
S085,在校学业,论文毕设,审稿,在校学业 > 论文毕设 > 审稿,审稿意见理解和回复,,,,,,,,,,,,,,
S086,在校学业,论文毕设,盲审,在校学业 > 论文毕设 > 盲审,盲审准备、结果和复审,,,,,,,,,,,,,,
S087,在校学业,论文毕设,答辩,在校学业 > 论文毕设 > 答辩,答辩材料、演练和结果处理,,,,,,,,,,,,,,
S088,在校学业,学籍毕业,学业预警,在校学业 > 学籍毕业 > 学业预警,学分或成绩触发的校内预警,,,,,,,,,,,,,,
S089,在校学业,学籍毕业,休学,在校学业 > 学籍毕业 > 休学,是否休学及休学办理,,,,,,,,,,,,,,
S090,在校学业,学籍毕业,复学,在校学业 > 学籍毕业 > 复学,复学条件、流程和适应,,,,,,,,,,,,,,
S091,在校学业,学籍毕业,延毕,在校学业 > 学籍毕业 > 延毕,延迟毕业的条件、影响和处理,,,,,,,,,,,,,,
S092,在校学业,学籍毕业,退学,在校学业 > 学籍毕业 > 退学,主动或被动退学的选择与流程,,,,,,,,,,,,,,
S093,在校学业,学籍毕业,毕业/学位资格,在校学业 > 学籍毕业 > 毕业/学位资格,毕业证、学位证和毕业条件,,,,,,,,,,,,,,
S094,在校学业,校园经历,社团,在校学业 > 校园经历 > 社团,社团选择、加入和退出,,,,,,,,,,,,,,
S095,在校学业,校园经历,班委/学生组织,在校学业 > 校园经历 > 班委/学生会,班委、学生会和学工经历,,,,,,,,,,,,,,
S096,在校学业,校园经历,学科竞赛,在校学业 > 校园经历 > 学科竞赛,竞赛选择、组队和备赛,,,,,,,,,,,,,,
S097,在校学业,校园经历,科研项目,在校学业 > 校园经历 > 科研项目,本科生或研究生科研参与,,,,,,,,,,,,,,
S098,在校学业,校园经历,在校阶段规划,在校学业 > 校园经历 > 大学阶段规划,大学或研究生阶段整体规划,,,,,,,,,,,,,,
S099,就业,职业方向,就业还是升学,就业 > 职业方向 > 就业还是升学,就业与继续升学比较,,,,,,,,,,,,,,
S100,就业,职业方向,行业选择,就业 > 职业方向 > 行业选择,目标行业定位和比较,,,,,,,,,,,,,,
S101,就业,职业方向,岗位选择,就业 > 职业方向 > 岗位选择,目标岗位定位和比较,,,,,,,,,,,,,,
S102,就业,职业方向,城市选择,就业 > 职业方向 > 城市选择,就业城市和地域选择,,,,,,,,,,,,,,
S103,就业,职业方向,转行,就业 > 职业方向 > 转行,跨行业或跨岗位转型,,,,,,,,,,,,,,
S104,就业,职业方向,职业长期规划,就业 > 职业方向 > 职业长期规划,中长期职业路径和能力建设,,,,,,,,,,,,,,
S105,就业,求职流程,求职信息获取,就业 > 求职流程 > 求职信息获取,招聘渠道、岗位和公司信息,,,,,,,,,,,,,,
S106,就业,求职流程,简历,就业 > 求职流程 > 简历,简历撰写、诊断和修改,,,,,,,,,,,,,,
S107,就业,求职流程,网申,就业 > 求职流程 > 网申,在线申请和申请表填写,,,,,,,,,,,,,,
S108,就业,求职流程,作品集,就业 > 求职流程 > 作品集,作品集准备和优化,,,,,,,,,,,,,,
S109,就业,求职流程,笔试,就业 > 求职流程 > 笔试,求职笔试准备和复盘,,,,,,,,,,,,,,
S110,就业,求职流程,单面,就业 > 求职流程 > 单面,一对一或多对一面试,,,,,,,,,,,,,,
S111,就业,求职流程,群面,就业 > 求职流程 > 群面,无领导小组等群体面试,,,,,,,,,,,,,,
S112,就业,求职流程,秋招,就业 > 求职流程 > 秋招,校园秋季招聘,,,,,,,,,,,,,,
S113,就业,求职流程,春招,就业 > 求职流程 > 春招,校园春季招聘,,,,,,,,,,,,,,
S114,就业,求职流程,社招,就业 > 求职流程 > 社招,社会招聘和有经验岗位申请,,,,,,,,,,,,,,
S115,就业,企业目标,国央企,就业 > 企业目标 > 国央企,中央企业和地方国有企业求职,,,,,,,,,,,,,,
S116,就业,企业目标,政府/事业单位雇员,就业 > 企业目标 > 政府/事业单位雇员,非公务员类政府或事业单位岗位,,,,,,,,,,,,,,
S117,就业,企业目标,私企-互联网,就业 > 企业目标 > 私企-互联网,互联网及科技民营企业求职,,,,,,,,,,,,,,
S118,就业,企业目标,私企-律所,就业 > 企业目标 > 私企-律所,律师事务所和法律服务机构求职,,,,,,,,,,,,,,
S119,就业,企业目标,私企-制造业,就业 > 企业目标 > 私企-制造业,制造业民营企业求职,,,,,,,,,,,,,,
S120,就业,企业目标,私企-快消,就业 > 企业目标 > 私企-快消,快消、零售和消费品牌求职,,,,,,,,,,,,,,
S121,就业,企业目标,私企-其他,就业 > 企业目标 > 私企-其他,其他民营企业求职,,,,,,,,,,,,,,
S122,就业,企业目标,外企,就业 > 企业目标 > 外企,外资企业和跨国公司求职,,,,,,,,,,,,,,
S123,就业,实习,寻找实习,就业 > 实习 > 寻找实习,实习方向和机会搜索,,,,,,,,,,,,,,
S124,就业,实习,实习申请,就业 > 实习 > 实习申请,实习简历、网申和面试,,,,,,,,,,,,,,
S125,就业,实习,实习选择,就业 > 实习 > 实习选择,多个实习机会比较,,,,,,,,,,,,,,
S126,就业,实习,实习适应,就业 > 实习 > 实习适应,实习期间工作和关系问题,,,,,,,,,,,,,,
S127,就业,实习,实习转正,就业 > 实习 > 实习转正,留用、转正和拒绝处理,,,,,,,,,,,,,,
S128,就业,职业方向,offer选择,就业 > 求职结果 > offer选择,多个工作机会比较,,,,,,,,,,,,,,
S131,就业,求职流程,应届生身份,就业 > 求职结果 > 应届生身份,应届资格、择业期和身份影响,,,,,,,,,,,,,,
S132,考公考编,方向选择,是否考公考编,考公考编 > 方向选择 > 是否考公考编,考公考编与就业、升学比较,,,,,,,,,,,,,,
S133,考公考编,方向选择,公务员/事业编选择,考公考编 > 方向选择 > 公务员/事业编选择,公务员与事业单位路径比较,,,,,,,,,,,,,,
S134,考公考编,方向选择,国考/省考选择,考公考编 > 方向选择 > 国考/省考选择,国家公务员与地方公务员考试比较,,,,,,,,,,,,,,
S135,考公考编,方向选择,选调生,考公考编 > 方向选择 > 选调生,定向或普通选调路径,,,,,,,,,,,,,,
S136,考公考编,报考,报考资格,考公考编 > 报考 > 报考资格,学历、专业、年龄和基层经历条件,,,,,,,,,,,,,,
S137,考公考编,报考,岗位选择,考公考编 > 报考 > 岗位选择,职位表筛选、竞争度和地域选择,,,,,,,,,,,,,,
S138,考公考编,报考,报名,考公考编 > 报考 > 报名,报名系统、材料和审核,,,,,,,,,,,,,,
S139,考公考编,备考,行测,考公考编 > 备考 > 行测,行政职业能力测验备考,,,,,,,,,,,,,,
S140,考公考编,备考,申论,考公考编 > 备考 > 申论,申论备考和写作,,,,,,,,,,,,,,
S141,考公考编,备考,公共基础知识,考公考编 > 备考 > 公共基础知识,公基、常识和事业单位笔试,,,,,,,,,,,,,,
S142,考公考编,考试录用,笔试,考公考编 > 考试录用 > 笔试,笔试安排、成绩和进面判断,,,,,,,,,,,,,,
S143,考公考编,考试录用,面试,考公考编 > 考试录用 > 面试,结构化、无领导等面试,,,,,,,,,,,,,,
S144,考公考编,考试录用,体测/体检,考公考编 > 考试录用 > 体测/体检,体能测试和录用体检,,,,,,,,,,,,,,
S145,考公考编,考试录用,政审/考察,考公考编 > 考试录用 > 政审/考察,政治审查和组织考察,,,,,,,,,,,,,,
S146,考公考编,考试录用,二战/多战,考公考编 > 考试录用 > 二战/多战,再次报考的规划和调整,,,,,,,,,,,,,,
S147,职场,工作适应,入职适应,职场 > 工作适应 > 入职适应,新员工融入和工作上手,,,,,,,,,,,,,,
S148,职场,工作适应,工作能力,职场 > 工作适应 > 工作能力,岗位技能、沟通和交付能力,,,,,,,,,,,,,,
S149,职场,关系管理,领导关系,职场 > 关系管理 > 领导关系,与直属领导或管理者相处,,,,,,,,,,,,,,
S150,职场,关系管理,同事关系,职场 > 关系管理 > 同事关系,协作、冲突和职场边界,,,,,,,,,,,,,,
S151,职场,发展回报,绩效,职场 > 发展回报 > 绩效,绩效目标、评价和改进,,,,,,,,,,,,,,
S152,职场,发展回报,晋升,职场 > 发展回报 > 晋升,晋升路径、答辩和机会判断,,,,,,,,,,,,,,
S153,职场,发展回报,薪酬/降薪,职场 > 发展回报 > 薪酬/降薪,薪酬谈判、奖金和降薪,,,,,,,,,,,,,,
S154,职场,去留风险,裁员,职场 > 去留风险 > 裁员,裁员风险、赔偿和求职准备,,,,,,,,,,,,,,
S155,职场,去留风险,离职,职场 > 去留风险 > 离职,是否离职、离职流程和交接,,,,,,,,,,,,,,
S156,职场,去留风险,跳槽,职场 > 去留风险 > 跳槽,跳槽时机、方向和机会比较,,,,,,,,,,,,,,
S157,职场,权益健康,加班/工作强度,职场 > 权益健康 > 加班/工作强度,工时、过劳和工作生活平衡,,,,,,,,,,,,,,
S158,职场,权益健康,职业健康,职场 > 权益健康 > 职业健康,工作对身心健康的影响,,,,,,,,,,,,,,
S159,职场,权益健康,劳动权益,职场 > 权益健康 > 劳动权益,工资、合同、试岗和劳动争议,,,,,,,,,,,,,,
S160,创业与副业,创业,创业方向,创业与副业 > 创业 > 创业方向,创业赛道和项目想法选择,,,,,,,,,,,,,,
S161,创业与副业,创业,需求验证,创业与副业 > 创业 > 需求验证,验证用户需求和市场机会,,,,,,,,,,,,,,
S162,创业与副业,创业,商业模式,创业与副业 > 创业 > 商业模式,价值、收入和成本模式设计,,,,,,,,,,,,,,
S163,创业与副业,创业,商业计划书,创业与副业 > 创业 > 商业计划书,商业计划和路演材料,,,,,,,,,,,,,,
S164,创业与副业,创业,团队组建,创业与副业 > 创业 > 团队组建,合伙人、团队和股权分工,,,,,,,,,,,,,,
S165,创业与副业,创业,融资,创业与副业 > 创业 > 融资,融资准备、渠道和谈判,,,,,,,,,,,,,,
S166,创业与副业,创业,注册与合规,创业与副业 > 创业 > 注册与合规,主体注册、合同和合规要求,,,,,,,,,,,,,,
S167,创业与副业,创业,产品运营,创业与副业 > 创业 > 产品运营,产品上线、迭代和运营,,,,,,,,,,,,,,
S168,创业与副业,创业,获客销售,创业与副业 > 创业 > 获客销售,营销、渠道和销售转化,,,,,,,,,,,,,,
S169,创业与副业,创业,财务管理,创业与副业 > 创业 > 财务管理,现金流、成本和财务规划,,,,,,,,,,,,,,
S170,创业与副业,创业,项目失败/转向,创业与副业 > 创业 > 项目失败/转向,止损、复盘和业务转型,,,,,,,,,,,,,,
S171,创业与副业,副业,副业方向,创业与副业 > 副业 > 副业方向,兼职或副业方向选择,,,,,,,,,,,,,,
S172,创业与副业,副业,副业起步,创业与副业 > 副业 > 副业起步,副业第一步和行动路径,,,,,,,,,,,,,,
S173,创业与副业,副业,副业变现,创业与副业 > 副业 > 副业变现,收入模式和商业化,,,,,,,,,,,,,,
S174,创业与副业,副业,兼职避坑,创业与副业 > 副业 > 兼职避坑,兼职诈骗、押金和合规风险,,,,,,,,,,,,,,
S175,创业与副业,自媒体,账号定位,创业与副业 > 自媒体 > 账号定位,平台、受众和内容赛道定位,,,,,,,,,,,,,,
S176,创业与副业,自媒体,内容生产,创业与副业 > 自媒体 > 内容生产,选题、脚本、拍摄和发布,,,,,,,,,,,,,,
S177,创业与副业,自媒体,流量增长,创业与副业 > 自媒体 > 流量增长,曝光、涨粉和平台分发,,,,,,,,,,,,,,
S178,创业与副业,自媒体,商业化,创业与副业 > 自媒体 > 商业化,广告、带货、课程和私域变现,,,,,,,,,,,,,,
S179,创业与副业,自媒体,平台规则,创业与副业 > 自媒体 > 平台规则,限流、违规和账号安全,,,,,,,,,,,,,,
S180,校园信息,学校与教学,学校概况,校园信息 > 学校与教学 > 学校概况,学校历史、层次、校区和特色,,,,,,,,,,,,,,
S181,校园信息,学校与教学,专业课程,校园信息 > 学校与教学 > 专业课程,专业培养方案、课程和师资,,,,,,,,,,,,,,
S182,校园信息,学校与教学,校历课表,校园信息 > 学校与教学 > 校历课表,校历、上课时间和教学安排,,,,,,,,,,,,,,
S183,校园信息,生活服务,食堂,校园信息 > 生活服务 > 食堂,食堂位置、价格、营业时间和评价,,,,,,,,,,,,,,
S184,校园信息,生活服务,宿舍,校园信息 > 生活服务 > 宿舍,宿舍条件、分配和管理,,,,,,,,,,,,,,
S185,校园信息,生活服务,图书馆,校园信息 > 生活服务 > 图书馆,开放时间、借阅和座位,,,,,,,,,,,,,,
S186,校园信息,生活服务,校园环境,校园信息 > 生活服务 > 校园环境,校区设施、学习空间和运动场所,,,,,,,,,,,,,,
S187,校园信息,生活服务,交通与周边,校园信息 > 生活服务 > 交通与周边,校内交通、通勤和周边生活,,,,,,,,,,,,,,
S188,校园信息,生活服务,医疗与安全,校园信息 > 生活服务 > 医疗与安全,校医院、保险和校园安全,,,,,,,,,,,,,,
S189,校园信息,校园组织,社团组织,校园信息 > 校园组织 > 社团组织,社团、学生组织和校园活动,,,,,,,,,,,,,,
S190,校园信息,校园组织,奖助学金,校园信息 > 校园组织 > 奖助学金,奖学金、助学金和勤工助学,,,,,,,,,,,,,,
S191,校园信息,校务办理,教务流程,校园信息 > 校务办理 > 教务流程,选课、考试、成绩和学籍办理,,,,,,,,,,,,,,
S192,校园信息,校务办理,证明与材料,校园信息 > 校务办理 > 证明与材料,成绩单、在读证明和盖章,,,,,,,,,,,,,,
S193,校园信息,校务办理,缴费与资助,校园信息 > 校务办理 > 缴费与资助,学费、住宿费和资助办理,,,,,,,,,,,,,,
S194,个人成长与生活,执行力,拖延,个人成长与生活 > 执行力 > 拖延,反复推迟任务或截止前赶工,,,,,,,,,,,,,,
S195,个人成长与生活,执行力,启动困难,个人成长与生活 > 执行力 > 启动困难,知道要做但无法开始,,,,,,,,,,,,,,
S196,个人成长与生活,执行力,任务拆解,个人成长与生活 > 执行力 > 任务拆解,任务过大或不知第一步,,,,,,,,,,,,,,
S197,个人成长与生活,执行力,自律坚持,个人成长与生活 > 执行力 > 自律坚持,习惯难以持续或三分钟热度,,,,,,,,,,,,,,
S198,个人成长与生活,执行力,分心,个人成长与生活 > 执行力 > 分心,学习工作中注意力频繁转移,,,,,,,,,,,,,,
S199,个人成长与生活,执行力,手机/游戏沉迷,个人成长与生活 > 执行力 > 手机/游戏沉迷,短视频、社交媒体或游戏影响生活,,,,,,,,,,,,,,
S200,个人成长与生活,执行力,计划复盘,个人成长与生活 > 执行力 > 计划复盘,计划执行、偏差分析和调整,,,,,,,,,,,,,,
S201,个人成长与生活,作息,熬夜,个人成长与生活 > 作息 > 熬夜,主动或被动晚睡,,,,,,,,,,,,,,
S202,个人成长与生活,作息,失眠,个人成长与生活 > 作息 > 失眠,入睡、睡眠维持或早醒问题,,,,,,,,,,,,,,
S203,个人成长与生活,作息,作息颠倒,个人成长与生活 > 作息 > 作息颠倒,昼夜节律混乱影响学习工作,,,,,,,,,,,,,,
S204,个人成长与生活,情绪,焦虑,个人成长与生活 > 情绪 > 焦虑,持续担忧、紧张和内耗,,,,,,,,,,,,,,
S205,个人成长与生活,情绪,迷茫,个人成长与生活 > 情绪 > 迷茫,缺乏方向和确定感,,,,,,,,,,,,,,
S206,个人成长与生活,情绪,倦怠透支,个人成长与生活 > 情绪 > 倦怠透支,长期消耗、疲惫和失去生活感,,,,,,,,,,,,,,
S207,个人成长与生活,情绪,自我否定,个人成长与生活 > 情绪 > 自我否定,贬低自己或怀疑自身价值,,,,,,,,,,,,,,
S208,个人成长与生活,情绪,失败受挫,个人成长与生活 > 情绪 > 失败受挫,结果不理想后的失落和恢复,,,,,,,,,,,,,,
S209,个人成长与生活,关系,家庭压力,个人成长与生活 > 关系 > 家庭压力,父母期待、控制或支持不足,,,,,,,,,,,,,,
S210,个人成长与生活,关系,同辈比较,个人成长与生活 > 关系 > 同辈比较,与同学、朋友比较产生压力,,,,,,,,,,,,,,
S211,个人成长与生活,关系,室友关系,个人成长与生活 > 关系 > 室友关系,宿舍边界、冲突和冷战,,,,,,,,,,,,,,
S212,个人成长与生活,关系,亲密关系,个人成长与生活 > 关系 > 亲密关系,恋爱、分手、边界和去留,,,,,,,,,,,,,,
S213,个人成长与生活,关系,孤独/社交,个人成长与生活 > 关系 > 孤独/社交,缺少联结、朋友或社交困难,,,,,,,,,,,,,,
S214,个人成长与生活,经济生计,生活费/学费,个人成长与生活 > 经济生计 > 生活费/学费,日常生活或教育支出压力,,,,,,,,,,,,,,
S215,个人成长与生活,经济生计,债务,个人成长与生活 > 经济生计 > 债务,负债、还款和债务压力,,,,,,,,,,,,,,
S216,个人成长与生活,经济生计,失业生计,个人成长与生活 > 经济生计 > 失业生计,失业后收入与基本生活问题,,,,,,,,,,,,,,
S217,个人成长与生活,心理健康,是否需要就医,个人成长与生活 > 心理健康 > 是否需要就医,判断是否应寻求专业心理或医疗帮助,,,,,,,,,,,,,,
S218,个人成长与生活,心理健康,ADHD相关,个人成长与生活 > 心理健康 > ADHD相关,注意缺陷多动相关困扰和就医边界,,,,,,,,,,,,,,
S219,个人成长与生活,心理健康,抑郁/焦虑确诊,个人成长与生活 > 心理健康 > 抑郁/焦虑确诊,已确诊后的现实支持与专业转介,,,,,,,,,,,,,,
S220,个人成长与生活,自我成长,兴趣爱好培养,个人成长与生活 > 自我成长 > 兴趣爱好培养,兴趣爱好的选择与坚持：习惯与爱好的区别、找不到驱动兴趣、要不要继续培养,,,,,,,,,,,,,,
S221,个人成长与生活,自我成长,自我提升方向,个人成长与生活 > 自我成长 > 自我提升方向,不知道往哪个方向提升：该学什么、做什么收获更快、成长路径的取舍与优先级,,,,,,,,,,,,,,
S222,升学,博士申请,是否读博,升学 > 博士申请 > 是否读博,读博与就业等路径选择、学术志向评估、延毕与年龄成本顾虑,,,,,,,,,,,,,,
S223,升学,博士申请,申请考核制,升学 > 博士申请 > 申请考核制,申请考核制博士的报名、材料要求和考核流程（含博士统考）,,,,,,,,,,,,,,
S224,升学,博士申请,联系博导,升学 > 博士申请 > 联系博导,套磁邮件、博导选择、名额与课题组确认、导师口碑权衡,,,,,,,,,,,,,,
S225,升学,博士申请,研究计划书,升学 > 博士申请 > 研究计划书,博士申请的选题方向、研究计划书写作与修改,,,,,,,,,,,,,,
S226,升学,博士申请,offer选择,升学 > 博士申请 > offer选择,多个博士录取机会比较、导师与院校的权衡取舍,,,,,,,,,,,,,,
S227,升学,博士申请,资格评估,升学 > 博士申请 > 资格评估,申博条件与成功可能性评估：论文科研背景、硕士出身、与目标导师的匹配度,,,,,,,,,,,,,,
S228,个人成长与生活,生活方式,学业生活平衡,个人成长与生活 > 生活方式 > 学业生活平衡,学业/科研挤占个人生活：渴望有自己的时间、爱好与社交，寻找平衡与喘息方式,,,,,,,,,,,,,,
S229,个人成长与生活,生活方式,身体健康,个人成长与生活 > 生活方式 > 身体健康,身体状况与锻炼：久坐亚健康、生病就医对学业的影响、运动健身与体重管理,,,,,,,,,,,,,,
S230,创业与副业,创业,是否创业,创业与副业 > 创业 > 是否创业,要不要创业的抉择：与就业、升学的路径取舍，风险评估与家庭意见,,,,,,,,,,,,,,
S231,创业与副业,创业,创业时机,创业与副业 > 创业 > 创业时机,何时开始创业：在校试水、毕业即创，还是先工作积累再创,,,,,,,,,,,,,,
S232,创业与副业,创业,创业比赛,创业与副业 > 创业 > 创业比赛,大学生创业赛事（互联网+、挑战杯等创业类比赛，区别于 S096 学科竞赛）：参赛决策与组队备赛、路演答辩与评委问答应对、奖金与赛事知识产权归属,,,,,,,,,,,,,,
S233,创业与副业,创业,团队冲突与拆伙,创业与副业 > 创业 > 团队冲突与拆伙,创业团队运行期矛盾（S164 团队组建之后的阶段）：会议沟通失效、合伙人闹翻与站队、领导者权威与队友管理、拆伙与股权退出,,,,,,,,,,,,,,
S234,就业,职业方向,生涯方向探索,,"没有明确候选方向时的自我探索与方向生成：性格特质、价值观与兴趣如何映射到专业和职业（""我是谁、适合什么""、兴趣太散连不成主线、冷门专业的职业出口、人生路径总体设计）；含职业测评结果解读。区别于S104（已有方向做中长期规划）、S099/S100（已有候选做比较）、S205（情绪层面的迷茫）、S221（技能提升的选择）、S005（高考志愿操作）",,,,,,,,,,,,,,
S235,就业,职业资格与证书,职业资格与证书,,,,,,,,,,,,,,,,
S236,个人成长与生活,能力提升,专业能力提升,,,,,,,,,,,,,,,,
S237,个人成长与生活,能力提升,通用能力提升,,,,,,,,,,,,,,,,
S238,在校学业,考证,,,英语、计算机二级、等等,,,,,,,,,,,,,,